{"train_loss": 0.02295036256677122, "_timestamp": 1717434728.5534663, "_runtime": 24526.685702323914, "_step": 834, "val_loss": 1.101676595211029, "val_accuracy": 0.8993288590604027, "accuracy": 0.8993288590604027, "Best Precision": 0.9133413848631241, "Best Recall": 0.9185090479937058, "Best F1": 0.9146159693638003, "Best accuracy": 0.912751677852349, "_wandb": {"runtime": 24525}}