{"train_loss": 0.009302899563231087, "_timestamp": 1717519161.26143, "_runtime": 37844.51887798309, "_step": 930, "val_loss": 0.5349629741642274, "val_accuracy": 0.9261744966442953, "accuracy": 0.9261744966442953, "Best Precision": 0.9529790940766549, "Best Recall": 0.9564122738001574, "Best F1": 0.9517871845874945, "Best accuracy": 0.9530201342281879, "_wandb": {"runtime": 37843}}