{"train_loss": 0.002553700660372479, "_timestamp": 1717557039.9762876, "_runtime": 34381.98274350166, "_step": 1128, "val_loss": 0.20103439960221295, "val_accuracy": 0.9328859060402684, "accuracy": 0.9328859060402684, "Best Precision": 0.9642128603104213, "Best Recall": 0.9634687254130606, "Best F1": 0.9634687254130606, "Best accuracy": 0.959731543624161, "_wandb": {"runtime": 34381}}