{"train_loss": 0.2681487263263041, "_timestamp": 1717481036.536265, "_runtime": 618.737233877182, "_step": 12, "val_loss": 0.8189670680777023, "val_accuracy": 0.7516778523489933, "_wandb": {"runtime": 660}}